Mutant,Activity,Selectivity,
WT,1,1,
R74A;A101M;Q143E;L148C;S173K,1.036382189,5.480404649,
R74A;A101M;Q143N;L148C;S173T,1.116676757,4.774344642,
R74Y;A101M,0.955634742,5.106462654,
R74A;A101M;Q143D;L148T;S173L,0.908150164,5.155125296,
A101I;Q143K;Q176K,0.853309443,4.849616466,
R74A;A101M;Q143N;L148Q;S173T,0.767327266,5.258327974,
R74F;A101M,0.811526737,4.962896312,
R74F;A101M;Q176K,0.751305972,5.31249538,
A101I;Q143R;Q176K,0.823090837,4.795920683,
R74A;A101M;Q143D;L148C;S173L,0.744187917,5.279318711,
R74A;A101M;Q143E;L148C;S173T,0.857472205,4.526938981,
R74Y;A101M;Q176K,0.684955872,5.606438548,
R74A;A101M;L148C;S173T;Q176D,0.691787482,5.263233968,
R74A;A101M;Q143F;L148T;S173L,0.719833497,5.018719143,
R74A;A101M;Q143W;L148T;S173L,0.70608984,5.099334173,
R74A;A101M;Q143G;L148C;S173T,0.766758521,4.67207036,
R74A;A101M;L148C;S173K;Q176I,0.652211067,5.461879736,
R74A;A101M;L148C;S173T;Q176W,0.772318106,4.597100305,
R74A;A101M;L148T;S173L;Q176I,0.619327124,5.654159619,
A101M;S173Y;Q176K,0.636478867,5.487705237,
R74A;A101M;Q143G;L148C;S173K,0.626628409,5.539530882,
A101M;S173W;Q176K,0.642536647,5.280600998,
A101M;Q143K,0.598486514,5.483051601,
R74A;A101M;L148C;S173K;Q176M,0.600569534,5.430260482,
R74A;A101M;Q143E;L148C;S173L,0.578740912,5.586112417,
R74A;A101M;L148T;S173L;Q176L,0.582508004,5.531604949,
R74A;A101M;Q143N;L148T;S173L,0.571705516,5.575159635,
A101M;S173Y,0.61913761,5.071398767,
R74A;A101M;Q143F;L148Q;S173T,0.759796142,4.034401334,
R74A;A101M;Q143H;L148C;S173T,0.594001763,5.040207584,
R74A;A101M;Q143F;L148C;S173K,0.690683804,4.214100311,
R74A;A101M;L148C;S173T,0.531006658,5.385778117,
R74A;Q143K;L148C;S173T,0.510705477,5.589372972,
A101V;Q143K;Q176K,0.815348489,3.492895918,
R74A;A101M;Q143H;L148C;S173K,0.530250552,5.052049327,
R74K;Q176K,0.792766465,3.373786473,
A101Q;Q143K;Q176K,0.461607163,5.787662545,
R74A;A101M;L148C;S173K;Q176L,0.553339201,4.792988431,
R74A;L148T;S173L;Q176L,0.807807057,3.282268004,
R74A;A101M;Q143G;L148C;S173L,0.475391057,5.57208294,
R74A;L148Q;S173T;Q176L,0.919866965,2.859392903,
R74A;A101M;Q143A;L148C;S173T,0.491188895,5.240485944,
R74A;A101M;Q143S;L148C;S173T,0.476115836,5.386366389,
A101M;Q143R,0.462490741,5.464651287,
R74A;A101M;Q143C;L148C;S173T,0.519565197,4.787774427,
R74A;A101M;Q143G;L148T;S173L,0.439079258,5.604883064,
R74A;L148T;S173L;Q176I,0.902288415,2.721530359,
R74A;Q143S;L148Q;S173T,0.758694035,3.223603424,
R74A;A101M;Q143D;L148Q;S173L,0.430888272,5.46927182,
R74A;Q143D;L148T;S173L,0.974654515,2.408733505,
R74A;A101M;L148Q;S173L;Q176I,0.458638523,5.116891079,
A101I;Q143K,0.572085562,4.088321268,
R74F;Q176K,0.758976001,3.058564948,
R74A;A101M;Q143S;L148C;S173K,0.443176511,5.213397401,
R74K;Q143V;S173C;Q176A,0.757650187,3.042661242,
R74Y;Q143K;Q176K,0.661452193,3.472461658,
R74A;A101M;L148Q;S173L;Q176L,0.423685979,5.419720706,
R74F;A101I;Q176K,0.57631887,3.961308293,
R74A;A101M;L148C;S173K,0.424653324,5.28748173,
Q143T;L148K;S173C;Q176A,0.699448374,3.207546584,
R74A;Q143S;L148T;S173L,0.593920519,3.738129855,
Q143K;L148E;S173R;Q176A,0.60710338,3.633940998,
R74A;A101M;L148T;S173L;Q176M,0.418053879,5.216287971,
R74A;A101M;L148Q;S173T,0.401975761,5.361569847,
Q143T;L148V;S173C;Q176A,0.842671853,2.552243233,
R74K;Q143K;Q176K,0.575834,3.727501953,
Q143T;L148M;S173C;Q176A,0.836103903,2.563177739,
Q143K;L148D;S173R;Q176A,0.615633879,3.476184767,
Q143T;L148R;S173C;Q176A,0.729941919,2.906915417,
R74A;L148C;Q176A,0.703297437,2.995071084,
Q143K;L148K;S173R;Q176A,0.565348604,3.719523626,
R74A;Q143C;L148C;S173T,0.702556684,2.989830694,
R74V;Q143S;L148Y;S173K;Q176T,0.549648505,3.819193113,
R74Y;S173R,0.770202863,2.725319053,
R74A;Q143F;L148T;S173L,0.982466879,2.130394204,
R74P;S173T,0.753349858,2.776289555,
Q143K;L148V;S173R;Q176A,0.547599497,3.795915525,
R74K;Q143T;S173C;Q176A,0.728275261,2.840515702,
Q143Y;L148E;S173R;Q176A,0.550844007,3.741167857,
R74P;L148F;S173L,0.713732732,2.864838522,
R74Y;A101Q,0.388452562,5.263402454,
Q143Y;L148C;S173C;Q176A,0.678724229,2.993068976,
Q143Y;L148M;S173C;Q176A,0.636372521,3.185212865,
A101M;Q143K;Q176K,0.40281104,5.029213803,
Q143K;L148K;S173K;Q176A,0.533039169,3.800126694,
R74K;Q143K;S173R;Q176A,0.564188512,3.587146626,
Q143K;L148E;S173K;Q176A,0.55858363,3.602096439,
Q143K;L148R;S173R;Q176A,0.55952621,3.590361564,
R74P;Q143T;S173C;Q176A,0.621004224,3.232465942,
Q143K;L148R;S173K;Q176A,0.565057017,3.542812346,
Q143T;L148N;S173C;Q176A,0.820921886,2.435953273,
A101Y;Q176K,0.385828858,5.175997767,
Q143T;L148E;S173C;Q176A,0.804376513,2.47567658,
R74H;Q143T;S173C;Q176A,0.671491109,2.953255263,
Q143Y;L148E;S173C;Q176A,0.59556948,3.272654701,
L148A;S173C,0.76836189,2.520876294,
Q143T;L148C;S173C;Q176A,0.809757946,2.389612079,
Q143T;L148S;S173C;Q176A,0.792369979,2.432882324,
R74A;Q176A,0.627238863,3.053414351,
Q143Y;L148D;S173C;Q176A,0.636039374,3.010473483,
L148R;S173L,0.651273929,2.937475291,
Q143K;L148I;S173R;Q176A,0.540269301,3.538600698,
Q143K;L148D;S173K;Q176A,0.547902592,3.489066341,
R74A;Q143T;S173C;Q176A,0.540799648,3.503920767,
R74A;A101M;L148C;S173L;Q176D,0.332060469,5.655273941,
R74C;A101E;Q143A;L148C;S173A;Q176C,0.321673892,5.834235295,
R74T;Q143T;S173C;Q176A,0.592671212,3.158569287,
R74A;Q143T;L148F;S173A;Q176K,0.540648201,3.46134167,
R74K;Q143K;S173C;Q176A,0.546020178,3.427215624,
R74A;L148C;S173R;Q176A,0.516613214,3.616827756,
R74A;A101M;L148C;S173K;Q176H,0.356580915,5.217172662,
R74P;L148E;S173L,0.56343561,3.275233191,
Q143K;L148S;S173C;Q176A,0.618672934,2.972520698,
R74K;Q143Y;S173C;Q176A,0.57651819,3.188456874,
R74A;A101M;Q143K;L148C;S173K,0.365771053,5.023989779,
R74F;Q143K;Q176K,0.554417465,3.309682963,
Q143T;L148D;S173C;Q176A,0.784761385,2.317520533,
R74C;A101C;Q143A;L148D;S173L;Q176F,0.50351179,3.610770182,
R74A;A101M;Q143T;L148C;S173K,0.3752487,4.820244989,
Q143Y;L148S;S173C;Q176A,0.576950734,3.13026593,
Q143K;L148C;S173R;Q176A,0.540220814,3.326876081,
Q143Y;L148C;S173R;Q176A,0.540088964,3.295961768,
R74P;L148A;S173C,0.597702117,2.974003192,
Q143Y;L148R;S173C;Q176A,0.506304683,3.507681312,
A101M;Q143R;Q176K,0.349061434,5.053991008,
Q143R;L148K;S173R;Q176A,0.467939363,3.73748098,
R74A;A101M;L148Q;S173L;Q176C,0.329069548,5.310114958,
R74F;A101W,0.285152324,6.127792636,
R74K;A101W,0.280570426,6.21019095,
Q143Y;L148D;S173R;Q176A,0.510617611,3.409188403,
Q143Y;L148C;S173L;Q176A,0.493759233,3.509951948,
R74A;L148C;S173T;Q176A,0.561661497,3.084050467,
R74H;Q143K;S173K;Q176A,0.446354158,3.876354013,
R74Q;L148A;S173C,0.591368379,2.92379469,
R74C;Q143E;L148T;S173C;Q176G,0.860544252,2.002766092,
R74P;L148A;S173T,0.639669568,2.692873192,
R74Y;Q143K,0.813704471,2.100112246,
R74E;Q143E;L148C;S173C;Q176K,0.825919377,2.061500152,
R74K;A101E;L148G;S173A;Q176K,0.297994584,5.663095691,
R74Y;A101L;Q176K,0.273018139,6.176606693,
Q143K;L148A;S173R;Q176A,0.512847144,3.285672938,
R74A;Q143G;L148C;S173T,1.086033039,1.549939985,
R74A;A101M;L148C;S173K;Q176K,0.312606762,5.370921339,
A101E;L148G;S173A;Q176K,0.30164838,5.549469983,
Q143R;L148C;Q176K,0.493298686,3.385656682,
Q143R;L148C;Q176A,0.607504553,2.7468336,
Q143Y;L148R;S173R;Q176A,0.47902681,3.475154558,
R74P;Q143K;L148C;S173M;Q176D,0.628072979,2.633940487,
Q143R;Q176A,0.608542923,2.713259496,
R74A;A101M;Q143C;L148T;S173L,0.314092869,5.214289571,
R74A;Q143S;L148C;S173T,0.626692387,2.61326481,
R74A;A101M;L148C;S173T;Q176K,0.31457762,5.201283747,
R74P;L148G;S173L,0.697581474,2.343602666,
R74H;A101W,0.269901229,6.046181537,
R74F;L148Y;S173R;Q176R,0.674829057,2.403589035,
R74P;L148Y;S173T,0.860687237,1.87544671,
R74T;Q143K;L148C;Q176A,0.53011037,3.044803993,
R74H;A101E;L148G;S173A;Q176R,0.294391408,5.452071305,
R74A;Q143N;L148A;S173R;Q176C,0.664772181,2.405437184,
R74A;A101M;Q143S;L148C;S173L,0.306101086,5.210829633,
R74Y;A101W,0.262417382,6.052182916,
R74A;A101M;Q143C;L148C;S173K,0.33439339,4.749372809,
R74P;L148C;S173A;Q176A,0.585435567,2.712378616,
R74A;Q143K;Q176A,0.501875599,3.151814047,
R74F;Q143K;L148F;S173K;Q176R,0.59674627,2.648665309,
R74H;Q143K;S173C;Q176A,0.44750716,3.530896313,
R74F;Q143K;L148Y;S173K;Q176R,0.572297624,2.748434737,
R74A;A101M;Q143H;L148C;S173L,0.308078912,5.105490881,
R74K;A101E;L148G;S173A;Q176R,0.281675384,5.580434983,
R74A;Q143C;L148C;S173A;Q176D,0.523768615,2.999000256,
R74A;A101M;Q143S;L148T;S173L,0.287602542,5.454142183,
R74K;Q143R;S173C;Q176A,0.446682196,3.504485674,
R74K;Q143Y;S173L;Q176A,0.447677082,3.48701866,
R74A;A101M;Q143F;L148C;S173T,0.504136172,3.083589916,
R74H;Q143R;S173R;Q176A,0.415830646,3.737326857,
R74A;Q143K;L148C;Q176A,0.526414075,2.941911022,
Q143Y;L148K;S173K;Q176A,0.412403439,3.749844256,
R74A;Q143E;L148C;S173T,1.06436395,1.440867425,
Q143Y;L148D;S173L;Q176A,0.447494961,3.425814059,
R74C;Q143L;L148M;S173T;Q176C,0.454163367,3.349162719,
R74F;Q143K;S173K;Q176S,0.537210475,2.821902462,
L148C;S173A;Q176A,0.660021233,2.291908458,
R74F;Q143K,0.712308339,2.12066679,
Q143Y;L148K;S173R;Q176A,0.414656939,3.637791027,
R74P;L148F;S173T,0.865881612,1.734766218,
Q143K;L148C;S173L;Q176A,0.434238178,3.454400972,
R74A;Q143K;L148C;S173R;Q176A,0.413234853,3.623825259,
Q143K;L148E;S173L;Q176A,0.432755213,3.449371341,
Q143Y;L148A;S173R;Q176A,0.461346707,3.214926773,
Q143R;S173T;Q176A,0.470379129,3.12569224,
R74A;L148C;S173A;Q176A,0.530211047,2.755505954,
R74H;Q143R;S173C;Q176A,0.426226293,3.394273144,
Q143K;L148D;S173L;Q176A,0.426789538,3.386514286,
R74T;L148C;S173A;Q176A,0.508557163,2.835194921,
Q143Y;L148V;S173L;Q176A,0.447295362,3.219427014,
R74P;L148A;S173L,0.465571543,3.09016349,
R74Q;L148R;S173L,0.471798858,3.048841814,
R74H;Q143R;Q176A,0.476303995,3.017999974,
R74H;Q143K;S173R;Q176A,0.387121465,3.707295573,
R74A;S173A;Q176A,0.490452898,2.92251088,
R74K;A101L;Q176K,0.237699522,5.964928746,
R74A;A101H;Q143Y;L148P;S173R;Q176A,0.259295414,5.464103139,
R74A;A101W;L148W;S173T,0.238629408,5.921295868,
R74S;A101L,0.229127101,6.162794285,
R74T;Q143R;L148C;Q176A,0.459014996,3.064779747,
Q143K;L148C;S173A;Q176A,0.558451361,2.513622802,
A101L;S173R,0.22351882,6.186721458,
R74S;A101W,0.227009574,6.085999671,
Q143Y;L148A;S173L;Q176A,0.431381129,3.19383338,
Q143K;L148A;S173L;Q176A,0.41400775,3.318636809,
Q143K;L148R;S173L;Q176A,0.398636299,3.400263489,
R74P;Q143R;L148C;S173K;Q176K,0.378100731,3.584203988,
Q143Y;L148I;S173L;Q176A,0.45065978,2.999686901,
R74D;A101C;Q143S;L148D;S173V;Q176K,0.578255273,2.336938444,
R74T;A101V;Q143Y;L148T;S173T,0.555568512,2.430409521,
R74H;Q143R;S173K;Q176A,0.378307289,3.553437024,
R74A;L148C;S173L;Q176A,0.408055481,3.286514298,
R74K;Q143Y;S173R;Q176A,0.506890947,2.635429323,
R74A;Q143R;L148C;Q176A,0.441734579,3.020133356,
Q143K;L148Q;S173L;Q176A,0.39256854,3.374452284,
R74C;A101E;Q143I;L148D;S173K;Q176D,0.28261897,4.677512273,
R74A;Q143R;L148C;Q176K,0.357188461,3.698326884,
R74A;Q143K;S173R;Q176A,0.39625199,3.328126114,
R74A;Q143R;Q176A,0.413545184,3.167060781,
R74A;Q143R;L148T;S173K;Q176K,0.351809604,3.719314427,
R74A;L148I;S173A;Q176A,0.433465578,2.99719033,
Q143R;L148C;S173A;Q176A,0.491733283,2.635482157,
Q143R;L148D;S173L;Q176A,0.404220972,3.199107735,
Q143K;L148C;S173A;Q176K,0.43868043,2.944676365,
R74A;Q143R;L148C;S173K;Q176R,0.37439497,3.439005489,
Q143R;L148E;S173L;Q176A,0.40440301,3.160988749,
R74A;Q143R;L148C;S173T;Q176T,0.406567764,3.142256421,
R74A;Q143K;L148C;S173T;Q176A,0.435463506,2.929656727,
R74A;Q143R;L148C;S173T;Q176G,0.449538192,2.830179319,
R74Y;A101L;S173R,0.213003616,5.970868669,
A101L;Q143K,0.205539448,6.160892816,
A101W;S173R,0.206729916,6.123315955,
Q143K;L148K;S173L;Q176A,0.358457684,3.516668507,
R74A;A101M;L148T;S173L,0.237226967,5.29704166,
R74A;A101M;Q143K;L148C;S173T,0.247027386,5.045347003,
R74F;A101L;Q176K,0.202059139,6.167171911,
R74A;A101C;Q143C;L148C;S173A;Q176W,0.623873666,1.997062908,
R74F;Q143R;L148M,0.537745126,2.315598345,
R74A;Q143R;L148C;S173K;Q176S,0.369387368,3.362977472,
R74T;Q143R;Q176A,0.403065255,3.073990286,
Q143K;L148V;S173L;Q176A,0.352753465,3.511340547,
Q143R;L148C;S173A,0.494842274,2.487817908,
Q143R;S173A;Q176A,0.440251712,2.793482249,
R74A;Q143R;L148G;S173K;Q176K,0.368130358,3.325653579,
R74P;Q143R;L148C;S173T;Q176A,0.387200944,3.158289943,
R74Y;A101L;Q143K,0.198904127,6.137232455,
R74A;Q143R;L148Q;Q176A,0.377956831,3.209496652,
R74H;Q143V;S173C;Q176A,0.477141785,2.540135385,
R74T;Q143M;L148M;S173A,0.554202435,2.18555034,
R74F;Q143A;L148M;S173K,0.487068452,2.483277756,
Q143R;L148C;S173L;Q176A,0.381435737,3.163948529,
R74A;Q143K;L148I;Q176A,0.394946812,3.050991515,
R74K;Q143K;S173L;Q176A,0.334190836,3.582730728,
R74A;A101M;L148C;S173L,0.229848692,5.189270956,
R74A;Q143R;L148C;S173T;Q176S,0.404738332,2.942492737,
R74T;Q143R;L148S;S173A;Q176C,0.440478183,2.703692007,
A101C;Q143C;L148A;S173T;Q176D,0.70451597,1.690324901,
R74A;Q143R;L148C;S173K;Q176T,0.363469138,3.268880511,
Q143Y;L148Q;S173L;Q176A,0.356508445,3.318544875,
R74K;Q143R;L148C;S173A;Q176A,0.475901983,2.47856659,
R74A;Q143T;L148V;S173C;Q176S,0.488761882,2.391890184,
R74K;Q143R;S173L;Q176A,0.349611143,3.326429192,
R74A;Q143R;L148C;S173K;Q176N,0.331092644,3.500705591,
Q143R;L148I;S173A;Q176A,0.423219976,2.732642414,
R74A;A101M;L148Q;S173T;Q176K,0.232705535,4.94448183,
R74F;Q143R;L148M;S173A,0.430845555,2.645974759,
R74A;Q143R;L148C;S173T;Q176R,0.51682446,2.179316136,
R74A;Q143R;Q176K,0.334521579,3.363362603,
R74K;Q143R;L148C;S173L;Q176A,0.373389582,3.008580245,
Q143Y;L148N;S173L;Q176A,0.357430541,3.1408039,
R74A;Q143K;L148C;S173A;Q176A,0.427514669,2.623674946,
R74A;Q143R;L148C;S173T,0.353206938,3.172960204,
R74A;Q143R;L148N;Q176A,0.389301849,2.876005266,
Q143Y;L148R;S173L;Q176A,0.305596337,3.65524026,
R74A;Q143R;L148C;S173R;Q176A,0.342390178,3.261635827,
R74A;Q143R;L148C;S173T;Q176H,0.379134362,2.944174698,
A101W;Q143K,0.180433393,6.172994346,
R74P;Q143K;L148C;S173A;Q176A,0.423068124,2.612865519,
R74A;A101M;Q143H;L148Q;S173L,0.208400532,5.294883657,
Q143R;L148R;S173L;Q176A,0.328975987,3.339966357,
R74P;L148W;S173T,0.80742103,1.35346083,
R74A;Q143R;L148C;S173K,0.336331354,3.23792552,
Q143R;L148V;S173L;Q176A,0.349026195,3.117056292,
Q143Y;L148E;S173L;Q176A,0.310382569,3.476538522,
Q143R;L148A;S173L;Q176A,0.334932016,3.216138788,
Q143R;L148C;S173A;Q176K,0.357131736,2.98559406,
R74Q;A101C;Q143A;L148S;S173T;Q176T,0.61456935,1.730192476,
R74A;Q143I;L148C;S173T;Q176K,0.333174544,3.172873922,
R74H;Q143Y;S173C;Q176A,0.427536814,2.467698664,
A101L;S173R;Q176K,0.171959323,6.117218183,
R74A;Q143R;L148C;S173K;Q176A,0.315698259,3.331446127,
R74A;A101M;L148Q;S173L;Q176A,0.212037198,4.951482521,
R74A;Q143R;S173K;Q176A,0.315457038,3.311923981,
R74A;Q143R;L148Q;S173K;Q176A,0.312028371,3.30520743,
Q143K;L148I;S173L;Q176A,0.287595847,3.574616506,
R74P;Q143R;L148C;S173A;Q176A,0.387971062,2.635060419,
R74A;Q143R;S173T;Q176A,0.336805918,3.020830587,
R74T;Q143R;L148C;S173K;Q176K,0.305458463,3.330140293,
R74A;A101H;Q143N;L148F;S173R;Q176A,0.178766954,5.630786926,
R74A;L148T;S173L;Q176K,0.26692868,3.765538784,
R74A;Q143K;S173A;Q176A,0.365920616,2.739666685,
R74A;Q143K;S173L;Q176A,0.327837546,3.049753503,
R74C;Q143A;L148Y;S173L;Q176A,0.282218848,3.533896057,
R74A;Q143R;L148Q;S173K;Q176N,0.29698267,3.357862456,
R74A;Q143R;L148G;S173T;Q176K,0.368349911,2.702390146,
R74P;Q143R;S173A;Q176A,0.363955782,2.729430198,
R74A;Q143V;L148C;S173T;Q176K,0.299645122,3.307170406,
R74P;Q143Y;S173C;Q176A,0.391026675,2.532927804,
R74A;Q143R;L148M;S173K;Q176K,0.292714422,3.379760339,
R74Y;A101L;Q143R,0.158559308,6.198715833,
R74A;A101M;Q143K;L148Q;S173L,0.207482791,4.736974966,
A101Y;Q143K,0.186402032,5.272630521,
R74Y;A101I,0.284582673,3.44417083,
R74A;Q143R;L148D;S173K;Q176K,0.295529905,3.305218184,
R74A;Q143K;L148C;S173T;Q176K,0.321990728,3.009450069,
R74A;Q143R;L148C;S173A,0.358320288,2.700496831,
A101H;Q143K;Q176K,0.172071794,5.617691824,
R74A;Q143R;L148C;S173T;Q176A,0.341054113,2.832913295,
R74A;A101H;Q143A;L148P;S173R;Q176A,0.177276383,5.437317502,
R74A;Q143R;S173K;Q176K,0.294161707,3.273617447,
R74T;Q143R;L148C;S173A;Q176A,0.357337517,2.690712462,
R74H;Q143R;S173L;Q176A,0.272326127,3.514430095,
R74A;Q143D;L148Q;S173T,0.453612846,2.108031712,
R74A;Q143R;L148C;S173M;Q176N,0.317262643,3.01314772,
Q143R;L148K;S173L;Q176A,0.289392595,3.302790207,
R74T;Q143W;S173A;Q176R,0.524084314,1.822581194,
R74P;Q143R;L148C;S173M;Q176K,0.29234253,3.267188735,
R74Y;Q143L;L148M;S173A;Q176S,0.743183737,1.283919099,
R74I;Q143K;Q176K,0.277575552,3.429370967,
R74A;L148C;S173Q,0.708686733,1.336775904,
R74V;Q143R;L148C;Q176A,0.308332991,3.068356861,
A101L;Q143K;Q176K,0.156748488,6.00798311,
R74A;Q143R;L148E;S173K;Q176K,0.272320206,3.454090974,
R74A;Q143F;L148D;S173L;Q176D,0.705302135,1.333000982,
R74H;Q143R;L148C;S173A;Q176A,0.341364908,2.744988851,
R74A;Q143R;L148N;S173K;Q176K,0.298630023,3.124632912,
R74A;Q143V;L148A;S173A;Q176T,0.337334597,2.742653812,
Q143Y;L148V;S173R;Q176A,0.397012629,2.311458559,
R74A;Q143R;L148Q;S173T;Q176A,0.340132631,2.688885531,
R74P;Q143R;L148C;S173L;Q176A,0.297530231,3.064910296,
R74A;Q143R;L148C;S173M;Q176A,0.296970705,3.064051814,
R74A;Q143R;L148I;Q176A,0.310403286,2.921363789,
Q143Y;L148K;S173L;Q176A,0.253668647,3.572935261,
R74A;Q143K;L148C;S173A;Q176K,0.315503927,2.867722034,
R74A;Q143R;L148C;S173K;Q176K,0.273653453,3.299582051,
R74A;Q143K;L148I;S173A;Q176A,0.342468513,2.631353772,
R74A;A101M;Q143S;L148Q;S173L,0.179634689,4.987565618,
R74A;Q143R;S173A;Q176A,0.323786544,2.762925189,
R74A;Q143R;L148Q;S173K;Q176K,0.283785015,3.150709545,
R74A;A101H;Q143N;L148W;S173R;Q176A,0.161995752,5.518048152,
R74A;Q143R;L148C;S173L;Q176T,0.309721453,2.877144345,
R74A;Q143R;L148C;S173A;Q176A,0.349835652,2.539181856,
R74A;Q143R;L148H;S173T;Q176K,0.285455021,3.097837709,
R74P;Q143R;L148C;S173T;Q176K,0.294114272,2.992124177,
R74A;Q143Y;L148C;S173T;Q176A,0.311773869,2.780679097,
R74P;Q143R;L148Q;S173T;Q176K,0.300728345,2.866548215,
R74A;Q143R;S173A,0.304912173,2.824150847,
R74H;Q143Y;S173L;Q176A,0.337728342,2.506569404,
R74A;Q143Y;S173C;Q176A,0.330067719,2.538878853,
R74A;A101H;L148H;S173R;Q176A,0.145810213,5.741707721,
R74T;Q143M;L148M;Q176R,0.43215723,1.936854372,
R74A;Q143R;L148E;S173T;Q176K,0.284171244,2.938600695,
R74W;A101I;Q176K,0.283635191,2.929300044,
R74A;Q143R;L148R;S173T;Q176A,0.29473481,2.799134817,
R74A;Q143R;L148K;S173K;Q176K,0.274324567,2.980597074,
R74T;Q143Y;S173C;Q176A,0.337730196,2.41652111,
R74A;A101H;Q143E;L148W;S173R;Q176A,0.15417397,5.291955621,
R74A;Q143R;L148C;S173R;Q176K,0.243592433,3.320508126,
R74A;A101H;Q143S;L148W;S173R;Q176A,0.144801335,5.568800419,
R74A;Q143R;L148I;S173K;Q176A,0.254332295,3.170276047,
R74A;A101H;Q143P;L148N;S173R;Q176A,0.155220245,5.184260244,
R74C;A101C;Q143G;L148D;S173T;Q176C,0.595798036,1.349523702,
R74A;Q143R;L148C;S173L,0.30285897,2.641725161,
R74A;A101H;Q143N;L148V;S173R;Q176A,0.140452824,5.668370911,
A101L;S173W;Q176K,0.128268217,6.192772114,
R74C;A101G;Q143H;L148A;Q176A,0.508251491,1.562291733,
R74A;A101H;Q143M;L148M;S173R;Q176A,0.144669494,5.462197571,
S173W;Q176K,0.540271427,1.454925518,
R74A;Q143R;L148A;S173K;Q176K,0.255433131,3.066190902,
R74A;A101H;Q143A;L148T;S173R;Q176A,0.139430718,5.615836797,
R74A;A101H;Q143T;L148W;S173R;Q176A,0.13965643,5.574467504,
R74A;Q143R;L148M;S173T;Q176K,0.263931322,2.939829064,
R74A;A101W;L148Y;S173T;Q176A,0.126343974,6.116354828,
R74T;Q143R;L148C;S173T;Q176K,0.259679086,2.963586286,
R74A;Q143R;S173T;Q176K,0.282496957,2.71659455,
R74A;Q143R;L148I;S173A,0.29667134,2.570062087,
R74A;Q143R;L148C;S173M;Q176K,0.240343505,3.15358851,
R74A;A101M;L148C;S173L;Q176K,0.16963608,4.462249628,
R74A;A101H;L148K;S173R;Q176A,0.131541365,5.727263431,
R74A;Q143R;L148C;S173T;Q176K,0.270066214,2.786790923,
R74A;Q143R;L148I;Q176K,0.252565796,2.977458289,
R74S;Q143Y;L148E;S173K;Q176W,0.322852457,2.328845101,
R74A;A101H;Q143H;L148V;S173R;Q176A,0.130669813,5.715562472,
R74A;Q143R;L148C;S173A;Q176K,0.275656716,2.70116141,
A101W;S173Y,0.123357816,6.010566677,
R74A;A101H;Q143G;L148W;S173R;Q176A,0.132684774,5.585988983,
R74A;A101H;Q143M;S173R;Q176A,0.139611591,5.30526757,
R74A;A101M;L148Q;S173L,0.14890952,4.969147489,
R74A;Q143R;L148C;S173L;Q176N,0.250291416,2.951765365,
R74Y;Q143L;S173K;Q176A,0.450568336,1.635790562,
R74A;A101H;Q143E;L148V;S173R;Q176A,0.126340776,5.830921178,
R74A;Q143R;S173A;Q176K,0.263909434,2.77354719,
R74A;Q143R;L148N;S173T;Q176K,0.258208669,2.832387993,
R74A;A101H;Q143D;L148V;S173R;Q176A,0.129492063,5.61212758,
R74A;A101H;Q143F;L148E;S173R;Q176A,0.13467026,5.391525418,
R74A;Q143R;L148I;S173A;Q176A,0.28388315,2.556306108,
R74A;A101H;Q143M;L148N;S173R;Q176A,0.130433827,5.532374781,
R74A;Q143R;L148C;S173C;Q176K,0.231591941,3.103151767,
R74A;A101H;Q143A;L148D;S173R;Q176A,0.127698178,5.612733713,
R74A;Q143R;L148R;S173K;Q176K,0.239744936,2.989300304,
R74A;A101H;Q143F;L148Q;S173R;Q176A,0.130923019,5.44215802,
R74A;A101H;Q143V;L148M;S173R;Q176A,0.134329316,5.299199192,
R74A;A101H;Q143F;L148D;S173R;Q176A,0.12913348,5.504097364,
R74A;A101H;Q143C;L148C;S173R;Q176A,0.128235979,5.542561514,
R74T;Q143R;L148Q;S173T;Q176K,0.249405061,2.810903014,
R74A;A101H;Q143A;L148I;S173R;Q176A,0.124881531,5.609477463,
R74A;A101H;Q143M;L148V;S173R;Q176A,0.136432846,5.125783863,
R74A;A101H;Q143W;L148D;S173R;Q176A,0.129097869,5.414199876,
R74A;A101H;Q143I;L148T;S173R;Q176A,0.129312838,5.402666528,
R74C;Q143A;L148C;S173F;Q176C,0.475222493,1.470087449,
R74A;Q143R;L148I;S173K;Q176K,0.252456602,2.763710963,
R74A;A101H;Q143C;L148Q;S173R;Q176A,0.125613573,5.483195902,
R74A;A101H;Q143S;L148V;S173R;Q176A,0.121591532,5.654805623,
R74D;Q143C;L148D;S173A;Q176T,0.33724283,2.034438933,
R74A;A101H;Q143F;L148H;S173R;Q176A,0.125869245,5.443601314,
R74A;A101H;Q143Y;L148F;S173R;Q176A,0.131681652,5.19854247,
R74A;A101H;Q143K;L148W;S173R;Q176A,0.121800726,5.59620028,
R74A;A101H;Q143K;L148V;S173R;Q176A,0.119912597,5.659877637,
R74A;A101H;Q143D;L148M;S173R;Q176A,0.121028911,5.586643964,
R74A;Q143R;L148Q;S173T;Q176K,0.252019008,2.676470251,
R74A;A101H;Q143V;L148W;S173R;Q176A,0.126818861,5.310073614,
R74A;A101M;Q143K;L148C;S173L,0.137859259,4.851461667,
R74P;Q143R;L148C;S173L;Q176K,0.21163768,3.148265812,
R74A;Q143R;L148R;S173T;Q176K,0.250940262,2.650282448,
R74A;Q143R;L148G;S173L;Q176K,0.222588858,2.972702036,
R74A;Q143R;L148A;S173T;Q176K,0.243808292,2.699803254,
R74A;A101H;Q143A;L148E;S173R;Q176A,0.117653176,5.593350179,
R74A;A101H;Q143F;L148N;S173R;Q176A,0.122309308,5.374980181,
R74A;A101H;Q143A;S173R;Q176A,0.116408086,5.625728014,
R74A;A101H;Q143C;L148W;S173R;Q176A,0.120480401,5.383714482,
R74A;A101H;Q143L;L148M;S173R;Q176A,0.124719889,5.188328822,
R74A;A101H;Q143A;L148K;S173R;Q176A,0.114897902,5.57748059,
R74A;A101H;Q143A;L148R;S173R;Q176A,0.113872895,5.612599012,
R74A;A101H;Q143H;L148M;S173R;Q176A,0.113785792,5.615251693,
R74Y;Q143M;L148M;Q176A,0.628973746,1.015206324,
R74A;A101H;Q143W;L148K;S173R;Q176A,0.118159286,5.403923017,
R74V;Q143R;L148C;S173A;Q176A,0.250843722,2.531274653,
R74A;Q143R;L148I;S173L;Q176A,0.223301745,2.842617896,
R74A;Q143R;L148I;S173T;Q176K,0.225651485,2.809322794,
R74A;Q143R;L148Q;S173M;Q176K,0.212739838,2.978468739,
R74A;Q143R;L148K;S173T;Q176K,0.247921877,2.531375376,
R74A;A101H;Q143T;L148H;S173R;Q176A,0.111031022,5.61081245,
R74A;Q143R;L148V;S173K;Q176K,0.220778365,2.821192003,
R74A;A101H;Q143F;L148M;S173R;Q176A,0.115518393,5.391585088,
R74A;A101H;Q143F;L148C;S173R;Q176A,0.116272491,5.351134662,
R74A;A101H;Q143Y;L148C;S173R;Q176A,0.116786027,5.290983544,
R74A;A101H;Q143K;L148M;S173R;Q176A,0.10877905,5.654694225,
R74A;A101H;Q143H;L148H;S173R;Q176A,0.109590786,5.591648762,
R74H;A101E;Q143N;L148G;S173L;Q176K,0.113990936,5.367065976,
R74A;A101H;Q143T;L148Q;S173R;Q176A,0.107237421,5.697593223,
R74F;Q143M;S173A;Q176D,0.535287936,1.139348649,
R74T;Q143M;S173K,0.342631407,1.779322739,
R74A;A101H;Q143F;L148A;S173R;Q176A,0.11202691,5.423386437,
R74F;Q143L;S173T,0.500019037,1.21508377,
R74A;A101H;Q143Y;L148M;S173R;Q176A,0.116541713,5.208098822,
R74A;Q143R;L148V;S173T;Q176K,0.236098436,2.556255357,
R74A;Q143R;L148I;S173A;Q176K,0.227926846,2.64703208,
R74A;Q143R;L148C;S173L;Q176A,0.212951389,2.826918463,
R74A;A101H;Q143Y;L148W;S173R;Q176A,0.115860967,5.194666976,
A101L;S173Y,0.097682914,6.151406922,
R74A;Q143Y;L148C;S173L;Q176A,0.222718802,2.696238673,
R74A;A101M;Q143K;L148T;S173L,0.127900635,4.616519304,
R74A;Q143R;L148T;S173L;Q176K,0.200967059,2.931376901,
R74A;A101H;Q143M;L148W;S173R;Q176A,0.111917902,5.256560151,
R74A;A101H;Q143W;L148T;S173R;Q176A,0.110189968,5.326616558,
R74A;A101H;Q143R;L148W;S173R;Q176A,0.105618587,5.555295026,
R74A;A101H;Q143Y;L148Q;S173R;Q176A,0.110399953,5.31087581,
R74A;A101H;Q143Y;L148D;S173R;Q176A,0.107926085,5.399405772,
R74A;A101H;Q143A;L148M;S173R;Q176A,0.104605868,5.552258232,
R74I;Q143R;L148C;S173A;Q176A,0.214569501,2.706021359,
A101V;Q143C;L148Q;S173T;Q176W,0.51927622,1.115531221,
R74A;A101H;Q143H;L148N;S173R;Q176A,0.101834572,5.674877225,
R74A;A101H;Q143N;L148M;S173R;Q176A,0.10242654,5.636712459,
R74A;A101H;Q143F;L148I;S173R;Q176A,0.112266208,5.132220698,
R74F;Q143K;L148F;S173Q;Q176A,0.578045352,0.981712713,
R74F;Q143L;S173A;Q176S,0.462476274,1.225439594,
R74A;Q143Y;L148Q;S173T;Q176K,0.194544209,2.884499797,
R74A;A101H;Q143Y;L148H;S173R;Q176A,0.103488106,5.420307465,
R74A;A101H;Q143W;L148S;S173R;Q176A,0.103605491,5.401711446,
R74A;A101H;Q143T;L148V;S173R;Q176A,0.102083733,5.450303563,
R74A;A101H;Q143H;L148W;S173R;Q176A,0.099446437,5.545131071,
R74Y;Q143V;L148D;S173T;Q176E,0.581801654,0.937592883,
R74A;A101H;Q143A;L148V;S173R;Q176A,0.098545218,5.5175868,
R74A;A101H;Q143I;L148K;S173R;Q176A,0.104622676,5.175007682,
R74F;Q143K;L148F;S173K;Q176W,0.506898568,1.067381449,
R74A;A101H;Q143A;L148F;S173R;Q176A,0.096740017,5.509337315,
R74A;A101H;Q143H;L148A;S173R;Q176A,0.093527273,5.650775235,
R74A;A101M;L148Q;S173L;Q176K,0.11091319,4.709892645,
R74A;A101H;Q143Y;S173R;Q176A,0.102622315,5.071488515,
R74A;Q143R;L148N;S173L;Q176K,0.178811332,2.90781264,
R74A;Q143R;L148C;S173L;Q176K,0.190800491,2.712412561,
R74A;A101H;Q143C;L148V;S173R;Q176A,0.105400175,4.899798336,
R74A;A101H;Q143R;L148M;S173R;Q176A,0.091379701,5.643246105,
R74A;A101H;Q143W;L148A;S173R;Q176A,0.096552618,5.334259294,
R74D;Q143C;L148Q;S173V;Q176C,0.378246187,1.354170393,
R74A;A101H;Q143S;L148N;S173R;Q176A,0.09032717,5.630141189,
R74A;A101H;Q143R;L148N;S173R;Q176A,0.092840331,5.469693311,
R74A;A101H;Q143F;L148V;S173R;Q176A,0.097950856,5.158884154,
R74A;A101H;Q143W;L148V;S173R;Q176A,0.097411996,5.180568357,
R74A;A101H;Q143A;L148W;S173R;Q176A,0.093368279,5.389570976,
R74H;Q143Y;S173K;Q176A,0.247417921,2.027965861,
R74M;Q143R;L148C;S173A;Q176A,0.205783044,2.430691845,
R74T;Q143L;L148M;S173K;Q176E,0.324774794,1.537305396,
R74F;Q143L;S173T;Q176S,0.462854763,1.075011532,
R74M;A101W,0.08039798,6.174652398,
R74A;Q143Y;S173L;Q176A,0.23429071,2.110079585,
R74T;Q143L;L148M;S173K;Q176R,0.310281536,1.592772558,
R74A;Q143R;L148Q;S173L;Q176K,0.174348515,2.832675118,
R74A;A101M;L148T;S173L;Q176K,0.105486035,4.5957908,
R74A;Q143R;L148C;S173V;Q176K,0.213544698,2.266060654,
R74T;Q143W;L148T;S173L;Q176Y,0.511030665,0.944679147,
R74A;A101H;Q143D;L148W;S173R;Q176A,0.090789025,5.301627015,
A101I;S173Y,0.133791946,3.594946979,
R74Y;Q143L;L148W;S173A;Q176R,0.567206325,0.844016243,
A101L;S173E;Q176K,0.083399453,5.729891877,
R74T;Q143W;L148M;S173K;Q176S,0.394207795,1.209039245,
R74A;Q143R;L148C;S173I;Q176K,0.214017068,2.210191793,
R74A;A101H;Q143I;L148M;S173R;Q176A,0.090873802,5.129428795,
R74F;S173R;Q176W,0.46249061,1.006288718,
R74A;Q143Y;L148C;S173L;Q176K,0.183106336,2.517082555,
R74A;A101H;Q143W;L148M;S173R;Q176A,0.085845223,5.366832512,
R74H;Q143Y;S173R;Q176A,0.226605775,1.997716064,
R74A;A101H;Q143Y;L148K;S173R;Q176A,0.085508944,5.165740605,
R74A;Q143R;L148I;S173L;Q176K,0.156815528,2.753601044,
R74Y;S173W;Q176K,0.351689795,1.211857773,
R74Y;Q143M;S173F;Q176R,0.477508234,0.890507816,
R74A;A101H;Q143I;L148W;S173R;Q176A,0.085177142,4.978755112,
R74P;L148P;S173L,0.531762792,0.790934251,
R74A;A101H;Q143P;L148V;S173R;Q176A,0.08753034,4.695380615,
R74T;Q143M;S173Y;Q176R,0.303365846,1.338670428,
R74A;A101H;Q143W;S173R;Q176A,0.078911921,5.114001285,
R74F;Q143M;S173R,0.290702734,1.38709995,
R74F;Q143L;L148M;S173K;Q176A,0.291869633,1.376441818,
R74H;A101E;L148G;S173A;Q176H,0.085500241,4.683586878,
R74T;Q143M;L148F;S173Q;Q176R,0.469486808,0.848493983,
R74T;Q143L;L148Y;S173R;Q176A,0.332278842,1.198480192,
R74Y;A101Y,0.08910625,4.328748623,
R74A;A101H;Q143W;L148N;S173R;Q176A,0.07076778,5.432748024,
R74T;Q143L;L148W;S173R;Q176K,0.321021279,1.186219913,
R74A;L148C;S173Y,0.387583636,0.982461543,
R74H;A101E;L148G;S173V;Q176R,0.068375333,5.42972973,
R74A;A101H;Q143Y;L148V;S173R;Q176A,0.077524031,4.782754552,
R74F;Q143Y;L148C;S173C;Q176C,0.372419973,0.973359256,
R74A;Q143Y;L148C;S173M;Q176K,0.15547513,2.243301279,
R74A;A101H;Q143I;L148I;S173R;Q176A,0.076421874,4.55506237,
R74A;A101F;Q143T;L148G;S173C;Q176A,0.06750627,5.14549347,
A101I;S173W;Q176K,0.107673329,3.139941191,
R74Y;A101L;S173Y,0.054165063,6.067300522,
Q143K;S173E;Q176K,0.471551142,0.694122853,
R74N;Q143M;L148F;S173R;Q176K,0.253955534,1.207576998,
R74A;A101H;Q143F;L148W;S173R;Q176A,0.061357509,4.913362619,
R74A;A101M;Q143P;L148C;S173K,0.146120664,2.059373902,
R74Y;Q143M;L148F;Q176K,0.432042137,0.682228431,
R74A;Q143D;L148C;Q176M,0.488909583,0.590376093,
R74F;Q143L;S173K;Q176S,0.261089933,1.086397275,
R74Y;Q143M;L148W;S173A,0.520870578,0.542822857,
R74Y;Q143W;L148M;S173K,0.361325025,0.781278992,
R74S;Q143W;L148I;S173T;Q176M,0.362712461,0.758060808,
R74F;Q143M;L148I;Q176R,0.196081345,1.379734478,
R74F;Q143L;S173K;Q176D,0.245863777,1.090260182,
R74Y;Q143M;L148M;S173K;Q176W,0.376724269,0.707369098,
R74F;Q143L;S173K;Q176R,0.232876024,1.128338427,
R74Y;Q143M;L148F;Q176R,0.427148757,0.614295408,
R74A;A101H;Q143W;L148W;S173R;Q176A,0.052245801,4.918249643,
R74V;A101C;Q143W;L148V;S173C;Q176F,0.286730246,0.875840448,
R74Y;A101C;Q143V;L148D;S173T;Q176D,0.292688814,0.857084633,
R74Y;Q143W;L148M;S173R,0.352672821,0.704187471,
R74A;A101M;Q143P;L148C;S173L,0.111152847,2.227423998,
R74Y;S173Y,0.393854729,0.623017937,
R74D;A101C;Q143D;L148T;S173L;Q176N,0.283859456,0.861603092,
R74A;A101C;Q143C;L148F;S173V;Q176S,0.232228986,1.028187193,
R74F;Q143M;L148Y;S173T,0.41193518,0.574307745,
R74T;Q143W;S173F;Q176R,0.302871506,0.777078098,
S173E;Q176K,0.409116952,0.548581124,
R74F;Q143L;L148F;S173R;Q176A,0.254143297,0.879760539,
R74F;Q143M;L148W;S173R;Q176A,0.301060272,0.730761444,
R74C;Q143C;L148C;S173A;Q176F,0.064619968,3.365281415,
R74Y;Q143L;L148F;S173R,0.326792924,0.648505307,
R74A;A101H;Q143W;L148P;S173R;Q176A,0.045745629,4.590255544,
R74C;Q143C;L148C;S173W;Q176A,0.104836078,1.95666279,
R74F;Q143L;L148Y;S173K;Q176R,0.236846959,0.855131105,
R74T;Q143W;L148M;S173K;Q176W,0.300881117,0.670622512,
R74Y;Q143L;L148W;S173R;Q176A,0.313436696,0.641727514,
R74F;Q143M;L148I;S173R,0.162802805,1.227810089,
R74Y;S173E;Q176K,0.365106006,0.536472978,
R74F;Q143W;S173T;Q176S,0.354807426,0.551205537,
R74T;Q143L;L148W;S173R;Q176D,0.280384251,0.696642046,
A101E;L148G;S173A;Q176H,0.03688485,5.287021974,
R74F;Q143L;L148Y;S173R,0.258022592,0.721892484,
R74T;Q143W;L148F;S173R,0.276616862,0.66779181,
R74F;Q143W;L148Y;S173A,0.381271229,0.479558899,
R74F;Q143W;L148Y;S173R;Q176A,0.268865736,0.675229602,
R74Y;Q143W;L148M;S173K;Q176E,0.311089848,0.576660883,
R74Y;Q176K,0.036274637,4.827339031,
R74F;Q143L;L148F;Q176A,0.27995386,0.611367166,
R74A;A101M;Q143P;L148T;S173L,0.078979588,2.13137058,
R74T;Q143M;S173F;Q176E,0.254882928,0.62802444,
R74H;A101E;L148G;S173G;Q176R,0.069075311,2.313317407,
R74H;A101E;Q143D;L148G;S173G;Q176R,0.079575481,1.848438855,
R74T;Q143W;L148W;S173R,0.259989322,0.561326676,
R74T;Q143W;L148F;S173R;Q176S,0.255610553,0.562648352,
R74H;A101E;Q143D;L148G;S173A;Q176K,0.028788114,4.981419218,
R74E;Q143D;L148D;S173T;Q176N,0.311979465,0.421218755,
R74Y;Q143W;L148F;S173R;Q176R,0.21540568,0.512259268,
R74H;A101K;Q143D;L148G;S173G;Q176K,0.059914761,1.827908557,
A101W;S173W,0.021272223,4.794639318,
R74V;A101R;L148R;S173L,0.017291954,5.855837552,
R74P;Q143F;L148C;Q176E,0.20988611,0.467065252,
R74Y;Q143W;L148M;S173K;Q176W,0.213201561,0.433942251,
R74D;A101E;Q143A;L148C;S173R;Q176E,0.022221364,4.159891874,
A101Y;S173Y,0.019827095,4.559927284,
A101L;S173W,0.016098832,5.365280072,
R74Y;Q143M;L148F;S173Q,0.280274757,0.307877767,
R74F;Q143W;L148W;S173K,0.169769575,0.505671698,
R74F;L148F;S173Y,0.217826966,0.386916386,
R74A;Q143P;L148T;S173L,0.184023189,0.4509164,
R74F;Q143L;L148Y;Q176D,0.166703669,0.497141514,
R74E;Q143Y;L148G;S173F;Q176T,0.130390748,0.622384901,
R74F;Q143W;L148Y;S173Q;Q176A,0.174835672,0.437752687,
Q143E;L148C;Q176C,0.241447307,0.308680609,
A101Y;S173W,0.013414032,5.536265432,
R74H;A101E;Q143N;L148G;S173V;Q176K,0.015077794,4.890990887,
R74H;A101E;Q143N;L148G;S173V;Q176R,0.016168082,4.510463184,
R74H;A101E;L148G;S173G;Q176K,0.015029094,4.777007869,
R74T;A101E;Q143C;L148Y;S173K;Q176C,0.021078519,3.369306768,
R74P;L148P;S173T,0.2063592,0.344124026,
R74D;A101F;Q143C;L148C;S173M;Q176K,0.012385138,5.652705346,
R74T;Q143W;L148Y;S173F,0.173577479,0.389003248,
R74T;Q143M;L148M;S173F;Q176W,0.151227624,0.446286155,
R74F;Q143W;L148W;S173R,0.156574006,0.430492151,
R74Y;Q143M;L148W;S173K;Q176W,0.190066742,0.353239171,
R74Y;Q143W;L148M;S173R;Q176W,0.171970426,0.384581911,
R74I;A101K;L148I;S173L,0.014588173,4.471094166,
R74Q;A101G;Q143Y;L148Q;S173T;Q176E,0.086602269,0.743738775,
A101I;S173W,0.026891699,2.390068976,
R74Y;S173W,0.124217414,0.506814972,
R74A;L148C;S173P,0.19478042,0.321846856,
R74L;A101R;L148I;S173L,0.010560822,5.566044861,
R74F;S173W,0.082579731,0.696507698,
R74I;A101K;L148F;S173I,0.021968925,2.606865285,
R74V;A101K;L148V;S173L,0.009923001,5.735489187,
R74I;A101R;L148F;S173L,0.013608946,4.181572836,
R74T;Q143W;L148F;S173F;Q176A,0.166153997,0.336034738,
R74H;A101K;Q143D;L148G;S173A;Q176K,0.027566594,1.898371048,
R74L;A101R;L148V;S173L,0.009295055,5.628968594,
R74Y;A101L;S173W,0.010315721,5.054658766,
R74H;A101K;Q143D;L148G;S173G;Q176R,0.031988929,1.626248168,
R74Y;Q143W;S173F,0.173308119,0.29928291,
R74K;A101E;L148G;S173G;Q176R,0.011581132,4.454270528,
R74T;Q143W;S173Q;Q176W,0.151466641,0.338674787,
R74V;A101K;L148I;S173L,0.00877267,5.647562972,
R74I;A101R;L148V;S173L,0.010116567,4.858975875,
R74Y;Q143W;L148W;S173Q;Q176R,0.173502136,0.277162734,
R74Y;Q143W;L148M;Q176E,0.157234677,0.299543074,
R74A;Q143P;L148Q;S173T,0.132050009,0.350568984,
R74T;Q143M;L148W;S173Q;Q176W,0.144242425,0.311778331,
R74I;A101K;L148V;S173L,0.007786913,5.760658915,
A101E;L148G;S173G;Q176K,0.009260661,4.791074539,
R74F;Q143L;L148Y;Q176W,0.118504995,0.373877226,
R74P;A101C;Q143T;L148I;S173Y;Q176D,0.055412048,0.777862452,
R74H;A101E;Q143D;L148G;S173G;Q176H,0.014591581,2.898929719,
R74A;Q143W;L148I;S173Y;Q176D,0.068325207,0.608375638,
R74V;A101D;Q143R;L148W;S173L;Q176E,0.012406937,3.340355958,
R74V;A101R;L148V;S173L,0.007484373,5.478138412,
R74I;A101R;S173L,0.007134596,5.719501975,
R74L;A101R;S173L,0.007367292,5.519919887,
R74I;A101K;L148R;S173L,0.006951307,5.818136708,
R74A;A101D;Q143C;L148C;S173R;Q176T,0.015538421,2.555347259,
A101E;L148G;S173G;Q176R,0.008414587,4.681990251,
R74A;A101H;Q143P;L148W;S173R;Q176A,0.009921699,3.942021919,
R74F;Q143M;L148F;Q176W,0.107493416,0.359630324,
R74L;A101R;L148R;S173L,0.006617562,5.498222249,
R74I;A101R;L148I;S173L,0.006237754,5.769033274,
R74Y;A101R,0.017566087,2.048526125,
R74I;A101R;L148K;S173L,0.006435913,5.506801593,
R74I;A101R;L148R;S173L,0.005997742,5.849473085,
R74I;A101K;L148R;S173I,0.012314188,2.78405112,
R74I;A101R;L148F;S173F,0.013023892,2.586406674,
R74I;A101K;S173V,0.012061523,2.762833345,
R74A;L148C;S173E,0.084379716,0.392547268,
A101K;Q143E;L148G;S173G;Q176K,0.016462977,1.944601204,
R74V;A101R;S173L,0.005963852,5.351290797,
A101K;Q143E;L148G;S173G;Q176R,0.006798964,4.624869859,
R74T;Q143M;L148M;S173E;Q176A,0.054596174,0.56390647,
R74V;A101R;L148V;S173F,0.019555736,1.538118019,
R74E;A101D;Q143E;L148E;S173V;Q176A,0.010146257,2.842462632,
R74I;A101K;L148I;S173I,0.009018332,3.10348537,
R74L;A101K;L148I;S173I,0.004981715,5.585574768,
R74L;A101K;L148V;S173I,0.004844531,5.697439908,
R74F;A101R;L148V;S173I,0.012359029,2.200931482,
R74V;A101R;L148I;S173L,0.00965576,2.785236286,
R74A;A101D;Q143N;L148V;S173A;Q176A,0.007681032,3.413495419,
R74H;A101R;Q143K;L148G;S173G;Q176H,0.015330406,1.644205241,
R74I;A101K;L148V;S173I,0.00620366,4.015499027,
R74F;Q143W;L148F;Q176D,0.06231481,0.393004337,
R74H;A101E;L148G;S173G;Q176H,0.011136543,2.133943265,
R74V;A101K;L148I;S173I,0.004747309,4.923542262,
R74Y;Q143W;L148M;S173Q;Q176E,0.085784079,0.271349862,
R74D;A101C;Q143W;L148A;Q176Y,0.034667611,0.651857878,
R74V;A101K;L148R;S173V,0.003995047,5.523662141,
R74I;A101K;L148R;S173V,0.005636242,3.902425031,
A101K;Q143K;Q176K,0.005189191,4.179472663,
R74V;A101K;S173I,0.004047697,5.236253449,
R74Q;A101D;Q143A;L148S;S173L;Q176T,0.005501862,3.826370347,
A101K;Q143K;S173R,0.004514311,4.634622536,
R74L;A101R;L148R;S173V,0.003791719,5.412547329,
R74V;A101K;L148R;S173I,0.003782052,5.410251002,
R74L;A101R;L148I;S173V,0.003586739,5.33411163,
R74V;A101K;L148V;S173V,0.003125518,6.053790199,
R74C;Q143V;L148Q;S173D;Q176E,0.022247559,0.843991068,
R74V;A101R;L148F;S173L,0.003480509,5.341794637,
R74V;A101K;L148V;S173I,0.003574642,5.178810533,
R74V;A101K;L148I;S173V,0.003577035,5.132136485,
R74L;A101R;L148V;S173V,0.003245373,5.6248464,
R74V;A101R;L148R;S173V,0.008495406,2.122719539,
R74H;A101K;Q143E;L148G;S173G;Q176K,0.003759604,4.711402683,
R74I;A101K;L148I;S173V,0.003901217,4.463693634,
A101F;Q143W;L148T;S173V;Q176A,0.006772724,2.56234996,
R74E;Q143W;L148Q;S173F;Q176F,0.043686533,0.394117414,
R74A;A101M;Q143H;L148T;S173L,0.008281012,2.074945593,
R74I;A101R;L148V;S173V,0.003605881,4.662961734,
R74Y;Q143M;L148W;S173Q;Q176W,0.069819369,0.235685318,
R74F;L148Y;S173F;Q176W,0.072715052,0.221975677,
A101K;Q143D;L148G;S173G;Q176K,0.009604952,1.549155006,
R74D;A101C;Q143D;L148Y;S173L;Q176F,0.030068256,0.492814066,
R74I;A101R;S173V,0.002677716,5.474481659,
R74I;A101K;L148V;S173V,0.002687045,5.433648909,
R74Y;Q143W;L148W;S173A;Q176W,0.062528739,0.228951345,
A101E;Q143D;L148G;S173G;Q176R,0.002875668,4.796153846,
R74I;A101R;L148I;S173I,0.00264355,5.1453958,
R74I;A101R;L148K;S173V,0.002628176,5.140965226,
R74I;A101R;L148I;S173V,0.002617072,5.146458877,
R74V;A101R;L148V;S173V,0.002523968,5.247772829,
R74L;A101R;L148V;S173I,0.002335329,5.654456967,
R74A;A101M;Q143D;L148C;S173T,0.008242217,1.590421211,
R74V;A101R;S173V,0.002929506,4.418516996,
R74T;Q143M;L148F;S173E;Q176S,0.030727951,0.41841426,
R74I;A101R;L148R;S173V,0.002015761,6.25,
R74L;A101R;L148I;S173I,0.002469323,5.097302972,
R74H;A101E;Q143D;L148G;S173A;Q176H,0.003184488,3.925733078,
R74L;A101R;L148R;S173I,0.002185383,5.590784672,
R74V;A101R;L148I;S173V,0.002178609,5.604632003,
Q143K;L148N;S173L;Q176A,0.005336079,2.269647696,
R74T;Q143F;L148V;S173Y;Q176W,0.02729501,0.437680058,
R74H;A101E;Q143D;L148G;S173G;Q176K,0.00627515,1.864777214,
R74I;A101R;S173I,0.002017469,5.720787468,
R74I;A101K;L148I;S173F,0.002361944,4.88316904,
R74D;A101E;Q143C;L148D;S173M;Q176F,0.004868984,2.343894756,
R74E;Q143S;L148D;S173E;Q176S,0.028559698,0.396847882,
R74I;A101R;L148R;S173I,0.002038822,5.529953917,
A101K;Q143K,0.00206736,5.332381729,
R74V;A101R;L148V;S173I,0.002411542,4.57042957,
R74I;A101K;L148V;S173F,0.002019596,5.45207088,
R74L;A101R;S173I,0.002181395,5.01142596,
R74I;A101R;L148V;S173I,0.002022594,5.352618243,
R74I;A101R;L148R;S173F,0.004179287,2.585325976,
R74I;A101R;L148K;S173I,0.002600844,4.146141215,
R74L;A101R;L148I;S173F,0.002001141,5.328318055,
R74L;A101R;S173V,0.002461347,4.267255347,
R74A;A101M;Q143N;L148C;S173K,0.002821314,3.590984098,
R74T;A101E;Q143T;L148F;S173T;Q176D,0.002980023,3.351056624,
R74V;A101R;L148M;S173I,0.002299919,4.301239525,
A101I;S173R;Q176K,0.010926992,0.890721451,
R74C;A101C;Q143C;L148E;S173E;Q176F,0.015595725,0.619685313,
R74V;A101R;L148I;S173I,0.001838775,5.252169197,
R74V;A101R;S173I,0.001638544,5.769230769,
R74L;A101R;L148V;S173F,0.001832053,5.120809752,
R74I;A101R;L148F;S173V,0.001982449,4.731258078,
R74H;A101D;Q143N;L148G;S173A;Q176K,0.002557607,3.646718803,
R74H;A101D;Q143N;L148G;S173A;Q176R,0.002416726,3.834562792,
R74V;A101K;L148I;S173F,0.001633454,5.651855469,
R74I;A101R;L148M;S173I,0.002324104,3.851984564,
R74I;A101R;L148A;S173I,0.001547035,5.706521739,
R74H;A101R;Q143E;L148G;S173G;Q176H,0.007032736,1.242756248,
R74L;A101R;L148F;S173I,0.001909418,4.529553049,
R74A;A101M;Q143D;L148C;S173K,0.012161137,0.705804749,
R74D;A101D;Q143A;L148E;S173R;Q176I,0.002729684,2.990569159,
R74H;A101K;Q143E;L148A;S173G;Q176H,0.001990189,4.052901024,
R74V;A101R;L148F;S173V,0.001763788,4.53697422,
R74V;A101R;L148R;S173I,0.001808456,4.326709591,
R74K;A101K;Q143E;L148G;S173G;Q176H,0.004087734,1.802679334,
R74A;Q143E;L148T;S173L,0.002743954,2.681587838,
R74I;A101R;L148F;S173I,0.001434068,4.972188815,
R74F;A101R;L148I;S173I,0.001767793,3.728658537,
R74I;A101R;L148V;S173F,0.001288891,4.995029821,
R74A;Q143F;L148C;S173T,0.001879183,3.412162162,
A101K;S173W,0.001684578,3.772522523,
R74A;Q143R;L148S;S173K;Q176K,0.003101434,2.042936288,
R74D;A101D;Q143C;L148N;S173T;Q176D,0.004890928,1.256625442,
A101K;Q143K;S173W,0.002986374,1.958639187,
R74Y;A101K,0.001778654,3.286300048,
R74A;Q143P;L148E;S173T;Q176I,0.020853847,0.280217959,
R74F;A101C;Q143T;L148D;S173E;Q176M,0.002759609,2.071752487,
R74I;A101R;L148I;S173F,0.001350389,4.123181531,
R74T;Q143M;S173F;Q176S,0.009976896,0.551373829,
A101K;Q143K;S173Y,0.002027159,2.66563147,
R74H;A101D;Q143N;L148G;S173G;Q176R,0.003718868,1.45119863,
R74H;A101D;Q143N;L148G;S173A;Q176H,0.001293113,4.116053841,
A101D;Q143N;L148G;S173A;Q176R,0.00202164,2.598110465,
R74H;A101K;Q143E;L148G;S173A;Q176K,0.003875979,1.349001571,
R74H;A101D;Q143M;L148G;S173V;Q176K,0.002212218,2.336337761,
R74V;A101R;L148I;S173F,0.001119219,4.54828938,
R74V;A101R;L148F;S173I,0.00078816,6.25,
R74P;Q143R;L148Q;S173K;Q176K,0.003877097,1.259805087,
R74W;A101E;Q143Y;L148C;S173E;Q176A,0.00165189,2.929496579,
A101D;Q143N;L148G;S173A;Q176K,0.001308861,3.656189865,
R74A;A101D;Q143R;L148W;S173T;Q176D,0.00183093,2.611618155,
R74A;Q143R;L148C;S173K;Q176G,0.003974357,1.16227552,
R74S;A101E;Q143E;L148C;S173Y;Q176S,0.001425801,3.227272727,
R74P;A101E;Q143F;L148C;S173E;Q176D,0.006447547,0.70310311,
R74Q;A101D;Q143A;L148Q;S173E;Q176S,0.005582226,0.800116099,
A101E;Q143D;L148G;S173G;Q176H,0.001004272,4.377753304,
R74I;A101R;S173F,0.001093294,3.979492188,
R74A;Q143R;L148Q;S173C;Q176K,0.002466285,1.7631371,
R74A;Q143R;L148C;S173L;Q176G,0.004704993,0.915668663,
R74I;A101I,0.001162723,3.672628617,
R74H;A101R;Q143E;L148G;S173A;Q176H,0.001489691,2.864127262,
A101E;L148G;S173G;Q176H,0.001237925,3.416495199,
A101K;Q143E;L148G;S173G;Q176H,0.00089013,4.65333002,
R74S;A101D;Q143C;L148C;S173T;Q176W,0.001617636,2.514022436,
R74S;A101F;Q143D;L148I;S173T;Q176P,0.006328827,0.637459039,
A101E;L148G;S173A;Q176R,0.002304805,1.732298372,
R74A;Q143R;L148C;S173L;Q176R,0.002304359,1.726905551,
R74H;A101K;L148G;S173V;Q176K,0.001051958,3.706105347,
R74T;A101D;Q143N;L148D;S173T;Q176S,0.007584765,0.504644516,
R74K;A101K;Q143E;L148G;S173G;Q176K,0.001086179,3.512810248,
R74C;A101D;Q143P;L148V;S173W;Q176K,0.003529269,1.040069018,
R74V;A101R;L148R;S173F,0.000806257,4.506972112,
R74F;A101D;Q143D;L148T;S173A;Q176A,0.001262129,2.868120086,
R74F;Q143L;S173R,0.005026318,0.713757396,
R74H;A101R;Q143E;L148G;S173A;Q176K,0.000981789,3.538888889,
R74V;A101R;S173F,0.000855968,4.007455732,
R74H;A101K;Q143E;L148G;S173A;Q176R,0.000783686,4.308184855,
R74A;Q143R;L148S;S173T;Q176K,0.001084404,3.080985915,
R74H;A101D;L148G;S173G;Q176R,0.001489245,2.234179019,
A101E;Q143D;L148G;S173G;Q176K,0.000942518,3.49537037,
R74H;A101K;Q143D;L148G;S173A;Q176H,0.001194728,2.725529584,
R74K;A101E;Q143D;L148G;S173G;Q176R,0.000874856,3.597166998,
R74H;A101R;Q143E;L148G;S173A;Q176R,0.000573092,5.462822458,
R74K;A101E;Q143D;L148G;S173G;Q176K,0.001437453,2.152244536,
R74K;A101E;Q143D;L148G;S173G;Q176H,0.001228799,2.485845718,
R74C;A101D;Q143A;L148Q;S173D;Q176D,0.001323834,2.296834204,
R74H;A101R;Q143K;L148G;S173G;Q176R,0.000910189,3.33488806,
R74I;A101K;S173I,0.00081146,3.666312434,
R74A;Q143Y;L148C;S173T;Q176K,0.00357681,0.815583715,
R74H;A101K;Q143D;L148G;S173V;Q176R,0.000863551,3.367321249,
R74I;A101K;S173L,0.000816634,3.557286167,
R74H;A101K;Q143D;L148A;S173G;Q176K,0.002379057,1.220110635,
R74A;Q143R;L148C;S173C;Q176A,0.002781027,1.029257183,
A101K;Q143D;L148G;S173A;Q176R,0.000710495,4.008567931,
R74H;A101K;Q143E;L148G;S173A;Q176H,0.000921573,3.071732955,
R74V;A101D;Q143D;L148T;S173E;Q176P,0.004010233,0.704650695,
A101K;Q143E;L148G;S173A;Q176R,0.00121735,2.275862069,
A101K;Q143D;L148G;S173A;Q176K,0.000726088,3.793569712,
R74H;A101R;Q143E;L148A;S173G;Q176K,0.001720241,1.580039043,
A101R;Q143E;L148G;S173G;Q176K,0.000731887,3.712296984,
R74H;A101K;Q143E;L148G;S173G;Q176R,0.001298917,2.018051771,
R74K;A101K;Q143E;L148G;S173G;Q176R,0.002515998,1.040582726,
R74F;A101D;Q143S;L148F;S173V;Q176S,0.002191636,1.189345992,
R74H;A101E;L148G;S173A;Q176K,0.000895439,2.871788538,
R74F;A101E;Q143A;L148D;S173E;Q176C,0.004653295,0.543175487,
R74F;L148F;S173R,0.005518044,0.452524254,
R74H;A101K;Q143D;L148G;S173G;Q176H,0.001080404,2.286954766,
R74A;Q143Y;L148Q;S173K;Q176K,0.003867298,0.631374454,
R74P;Q143R;L148C;S173K;Q176A,0.003516758,0.6846174,
A101R;Q143K;L148G;S173G;Q176H,0.001138003,2.099309816,
R74H;A101K;Q143E;L148A;S173G;Q176R,0.000660566,3.518637532,
R74A;A101D;Q143E;L148E;S173C;Q176Y,0.002018438,1.12,
R74A;Q143Y;L148C;S173K;Q176K,0.001344715,1.662137681,
R74H;A101K;Q143D;L148G;S173V;Q176H,0.000655707,3.406830239,
R74H;A101R;Q143K;L148A;S173G;Q176H,0.000562925,3.883861237,
R74K;A101K;Q143D;L148G;S173G;Q176K,0.000760755,2.727399554,
R74C;A101D;L148C;S173D;Q176V,0.002099201,0.949333046,
R74E;A101D;Q143D;L148A;S173D;Q176F,0.003977311,0.499883748,
R74C;A101D;Q143P;L148C;S173D;Q176W,0.001582232,1.194476914,
R74W;A101D;Q143C;L148S;S173W;Q176A,0.000585874,3.217182891,
R74P;A101D;Q143I;L148V;S173D;Q176A,0.001714408,1.096548999,
A101R;Q143E;L148G;S173G;Q176R,0.000865578,2.127788555,
R74A;A101D;Q143C;L148Q;S173D;Q176G,0.00084172,2.163719185,
R74A;Q143R;L148T;S173T;Q176K,0.000807803,2.178829916,
R74H;A101K;Q143K;L148G;S173G;Q176H,0.000683325,2.522349936,
A101K;Q143D;L148G;S173G;Q176H,0.000568019,2.998878924,
R74A;Q143R;L148D;S173T;Q176K,0.000984173,1.709505335,
R74H;Q143K;S173L;Q176A,0.000729111,2.290723982,
R74T;Q143W;L148F;S173E;Q176W,0.006408992,0.259136349,
R74H;A101R;Q143E;L148G;S173V;Q176H,0.000518003,3.180713128,
R74K;A101K;Q143D;L148G;S173G;Q176R,0.000502052,3.072742475,
A101K;Q143D;L148G;S173G;Q176R,0.000274901,5.119047619,
A101K;Q143K;L148G;S173G;Q176H,0.000712779,1.950824499,
R74W;A101F;Q143D;L148W;S173T;Q176V,0.000869687,1.549533195,
R74K;A101R;Q143K;L148G;S173G;Q176H,0.000857182,1.548726738,
A101K;Q143E;L148G;S173A;Q176H,0.000415189,3.105828221,
R74H;A101K;Q143E;L148G;S173G;Q176H,0.003391518,0.358726846,
R74H;A101R;Q143E;L148G;S173G;Q176R,0.000425878,2.856045082,
A101K;Q143D;L148G;S173A;Q176H,0.00060179,1.842485549,
R74H;A101K;Q143D;L148A;S173G;Q176R,0.000325189,3.263707572,
R74D;A101D;Q143S;L148C;S173G;Q176E,0.000634096,1.629273504,
R74H;A101D;L148G;S173G;Q176H,0.000416038,2.474489796,
R74H;A101K;Q143D;L148G;S173V;Q176K,0.000359161,2.784503632,
R74H;A101E;Q143D;L148G;S173A;Q176R,0.000331332,2.739501312,
R74H;A101E;L148G;S173V;Q176H,0.000464387,1.743913858,
R74V;A101R;L148K;S173I,0.000129233,6.25,
R74H;A101R;Q143E;L148G;S173G;Q176K,0.00075925,1.034482759,
R74S;Q143E;L148A;S173D;Q176D,0.004312192,0.125210635,
R74H;A101K;Q143D;L148G;S173A;Q176R,0.000298185,1.576409496,
R74E;A101E;Q143D;S173M;Q176E,0.000477159,0.549915398,
R74H;A101E;L148G;S173V;Q176K,0.000562656,0.299459042,
R74F;A101D;Q143V;L148S;S173T;Q176G,0.000742482,0,
R74H;A101R;Q143E;L148A;S173G;Q176R,0,0,
R74Y;A101D;Q143V;L148D;S173T;Q176D,0.000536788,0,
S42A,0.1166 ,0.9524 ,
S42C,0.5962 ,1.0710 ,
S42E,0.3838 ,0.8734 ,
S42G,0.1137 ,1.1208 ,
S42H,0.2498 ,0.3338 ,
S42I,0.2169 ,0.3116 ,
S42K,0.8978 ,1.3845 ,
S42L,1.0208 ,1.2652 ,
S42M,0.8660 ,1.3620 ,
S42P,0.0297 ,0.1617 ,
S42Q,0.3114 ,2.6440 ,
S42R,0.1458 ,1.3632 ,
S42T,0.6563 ,0.8869 ,
S42V,0.0049 ,0.0000 ,
S42W,1.0510 ,1.5120 ,
S42Y,0.0074 ,0.4465 ,
F43A,0.6968 ,2.2602 ,
F43E,0.0002 ,0.0000 ,
F43G,0.0011 ,0.0000 ,
F43H,0.0013 ,0.6959 ,
F43K,0.2867 ,3.4569 ,
F43L,0.0470 ,0.8756 ,
F43P,0.1846 ,3.1258 ,
F43Q,0.9611 ,1.5622 ,
F43R,0.0070 ,0.3956 ,
F43S,0.0001 ,2.8798 ,
F43T,0.0003 ,1.5993 ,
F43V,0.0004 ,0.0000 ,
F43W,1.0514 ,1.3665 ,
Q73A,0.8785 ,0.9610 ,
Q73C,0.8234 ,1.0985 ,
Q73D,0.8858 ,1.3840 ,
Q73E,0.9706 ,1.1026 ,
Q73F,0.9854 ,0.9530 ,
Q73G,1.0169 ,1.4308 ,
Q73H,1.0278 ,1.1327 ,
Q73I,0.8877 ,0.8242 ,
Q73K,0.0072 ,0.2951 ,
Q73L,0.9454 ,0.9806 ,
Q73M,1.0018 ,0.9648 ,
Q73N,1.0495 ,1.4219 ,
Q73P,0.6775 ,1.0084 ,
Q73R,0.9710 ,1.1828 ,
Q73S,1.0330 ,1.0645 ,
Q73T,0.9862 ,1.0146 ,
Q73V,0.9211 ,1.0109 ,
Q73W,0.8355 ,0.6819 ,
Q73Y,0.9427 ,1.0658 ,
R74A,0.7016 ,2.4631 ,
R74C,0.5009 ,2.9211 ,
R74D,0.5574 ,1.4241 ,
R74E,0.6660 ,1.6300 ,
R74F,0.7670 ,1.3134 ,
R74G,0.4800 ,0.9823 ,
R74H,0.9298 ,1.7337 ,
R74I,0.3701 ,2.6184 ,
R74K,0.9299 ,1.4550 ,
R74L,0.5964 ,2.9621 ,
R74M,0.3638 ,2.5305 ,
R74N,0.4298 ,2.5629 ,
R74P,1.0744 ,1.2807 ,
R74Q,0.6341 ,2.9431 ,
R74S,0.8266 ,1.2303 ,
R74T,0.9040 ,2.0906 ,
R74V,0.0061 ,1.2533 ,
R74W,1.0806 ,0.8039 ,
R74Y,0.8622 ,0.9402 ,
A101C,0.6250 ,1.0976 ,
A101D,0.0065 ,1.0836 ,
A101E,0.0521 ,4.3990 ,
A101F,0.2660 ,0.6900 ,
A101G,0.1806 ,0.3638 ,
A101H,0.0637 ,5.0239 ,
A101I,0.4623 ,3.0028 ,
A101K,0.0030 ,1.4871 ,
A101L,0.0145 ,5.8571 ,
A101M,0.7433 ,4.4842 ,
A101N,0.0802 ,4.5101 ,
A101P,0.6455 ,1.3519 ,
A101Q,0.1083 ,4.2408 ,
A101R,0.0020 ,2.6494 ,
A101S,0.5451 ,2.1199 ,
A101T,0.4894 ,1.9264 ,
A101V,0.5080 ,0.3794 ,
A101W,1.0240 ,0.7720 ,
A101Y,0.1029 ,3.6884 ,
Q143A,0.8693 ,1.0340 ,
Q143C,0.9814 ,1.2685 ,
Q143D,0.3915 ,0.2380 ,
Q143E,0.4983 ,0.2719 ,
Q143F,0.3089 ,0.2162 ,
Q143G,0.5367 ,0.3151 ,
Q143H,0.7660 ,0.5727 ,
Q143L,0.9070 ,0.7564 ,
Q143N,0.0009 ,0.0000 ,
Q143P,0.0155 ,0.0000 ,
Q143R,0.8655 ,1.7473 ,
Q143S,0.0284 ,0.8548 ,
Q143T,0.9096 ,0.7674 ,
Q143V,0.8571 ,1.0904 ,
Q143W,0.4101 ,0.2645 ,
Q143Y,0.7631 ,1.1749 ,
L148A,1.0052 ,1.0697 ,
L148C,0.8803 ,1.0821 ,
L148D,0.8351 ,0.8839 ,
L148E,0.9839 ,1.1138 ,
L148F,0.6983 ,0.5224 ,
L148G,0.5206 ,0.5003 ,
L148H,0.7626 ,0.8287 ,
L148I,1.0186 ,1.5398 ,
L148K,0.9820 ,1.3834 ,
L148N,0.9665 ,0.9178 ,
L148P,0.0796 ,0.1886 ,
L148Q,0.9088 ,1.6311 ,
L148R,0.8819 ,1.3659 ,
L148T,0.9358 ,0.9364 ,
L148V,0.9366 ,1.5815 ,
L148W,0.4603 ,0.3830 ,
L148Y,0.7098 ,0.4785 ,
S173A,0.8376 ,1.3647 ,
S173C,0.8839 ,1.7089 ,
S173D,0.0294 ,0.1238 ,
S173E,0.0499 ,0.1944 ,
S173F,0.6243 ,0.7894 ,
S173G,0.3963 ,0.3617 ,
S173H,0.5680 ,0.6200 ,
S173K,0.8425 ,2.3011 ,
S173L,0.7240 ,2.2111 ,
S173M,0.8128 ,1.2088 ,
S173N,0.4172 ,0.4689 ,
S173P,0.0833 ,0.1632 ,
S173Q,0.7163 ,0.6046 ,
S173R,0.8683 ,2.0210 ,
S173T,0.9393 ,1.5040 ,
S173V,0.6933 ,0.9630 ,
S173W,0.1613 ,0.1994 ,
S173Y,0.4110 ,0.4535 ,
Q176A,0.9422 ,1.4628 ,
Q176C,0.7876 ,0.6442 ,
Q176D,0.7813 ,0.5569 ,
Q176E,0.5988 ,0.4509 ,
Q176F,0.5605 ,0.4249 ,
Q176G,0.8297 ,0.6665 ,
Q176H,0.9469 ,0.9302 ,
Q176I,0.5856 ,0.4439 ,
Q176K,0.9154 ,2.3588 ,
Q176L,0.8768 ,0.7986 ,
Q176M,0.0451 ,0.1108 ,
Q176N,1.0511 ,1.2270 ,
Q176P,0.3489 ,1.2997 ,
Q176R,0.9448 ,2.0344 ,
Q176S,1.0589 ,1.0216 ,
Q176T,0.9068 ,0.8181 ,
Q176V,0.0087 ,0.4898 ,
Q176W,0.4748 ,0.3201 ,
Q176Y,0.7622 ,0.7589 ,
H177A,0.0967 ,0.1750 ,
H177C,0.0534 ,0.1644 ,
H177D,0.0011 ,0.0000 ,
H177E,0.0216 ,1.4046 ,
H177F,0.9817 ,2.3486 ,
H177G,0.0164 ,0.1707 ,
H177I,0.0522 ,1.0899 ,
H177K,0.0909 ,0.2246 ,
H177L,0.0289 ,0.1424 ,
H177M,0.1262 ,0.2038 ,
H177N,0.0066 ,0.1206 ,
H177P,0.0063 ,0.1352 ,
H177Q,0.4659 ,0.7105 ,
H177R,0.6851 ,0.6611 ,
H177S,0.0287 ,0.0656 ,
H177T,0.0249 ,0.0623 ,
H177V,0.0253 ,0.5763 ,
H177W,0.1139 ,0.1843 ,
H177Y,0.6261 ,2.9758 ,
A182C,0.9524 ,0.4745 ,
A182D,0.5621 ,0.7204 ,
A182E,0.4952 ,1.2708 ,
A182F,0.2903 ,0.2189 ,
A182G,0.7542 ,0.5095 ,
A182I,0.1949 ,0.1687 ,
A182K,0.3275 ,0.3845 ,
A182L,0.2738 ,0.2395 ,
A182M,0.5701 ,0.3219 ,
A182N,0.5160 ,0.7216 ,
A182P,0.3810 ,0.6605 ,
A182Q,0.8693 ,0.9507 ,
A182R,0.5684 ,0.3067 ,
A182S,0.6996 ,2.0189 ,
A182T,0.9314 ,1.1649 ,
A182V,0.1587 ,0.2037 ,
A182W,0.2248 ,0.1716 ,
A182Y,0.2003 ,0.0532 ,